{
  "providers":
   [
     {
       "type": "bitmap",
       "file":"travelerstitles:font/overworld.png",
       "ascent":13,
       "height":13,
       "chars":["\uE000"]
     },
     {
       "type": "bitmap",
       "file":"travelerstitles:font/the_nether.png",
       "ascent":13,
       "height":13,
       "chars":["\uE001"]
     },
     {
       "type": "bitmap",
       "file":"travelerstitles:font/the_end.png",
       "ascent":13,
       "height":13,
       "chars":["\uE002"]
     }
   ]
}